INSERT INTO Role (ROLE_ID, ROLE_NAME) VALUES (1, 'Regular');
INSERT INTO Role (ROLE_ID, ROLE_NAME) VALUES (2, 'Admin');

INSERT INTO Fields (FIELD_ID, FIELD_NAME, FIELD_DESC, FIELD_TYPE, OPTIONS) VALUES 
(1, 'First Name', 'First name of Regular/Admin user', 'text', NULL),
(2, 'Last Name', 'Last name of Regular/Admin user', 'text', NULL),
(3, 'Gender', 'Select Gender of the user', 'radio', '[{"value": "Male", "label": "Male"}, {"value": "Female", "label": "Female"}]'),
(4, 'Designation', 'Designation of Regular/Admin user', 'text', NULL),
(5, 'Phone', 'Phone number of Regular/Admin user', 'text', NULL),
(6, 'Country', 'Select Country of the user', 'dropdown', '[{"value": "USA", "label": "United States"}, {"value": "CAN", "label": "Canada"}, {"value": "UK", "label": "United Kingdom"}]'),
(7, 'Address', 'Address of Regular/Admin user', 'text', NULL);

INSERT INTO USER_DETAILS (USER_NAME, password, ROLE_ID) VALUES ('userA', '123', 1);
INSERT INTO USER_DETAILS (USER_NAME, password, ROLE_ID) VALUES ('userB', '567', 2);

INSERT INTO ROLE_FIELDS (ROLE_ID, FIELD_ID) VALUES (1, 1); 
INSERT INTO ROLE_FIELDS (ROLE_ID, FIELD_ID) VALUES (1, 2); 
INSERT INTO ROLE_FIELDS (ROLE_ID, FIELD_ID) VALUES (1, 3); 
INSERT INTO ROLE_FIELDS (ROLE_ID, FIELD_ID) VALUES (1, 4); 
INSERT INTO ROLE_FIELDS (ROLE_ID, FIELD_ID) VALUES (2, 1); 
INSERT INTO ROLE_FIELDS (ROLE_ID, FIELD_ID) VALUES (2, 2); 
INSERT INTO ROLE_FIELDS (ROLE_ID, FIELD_ID) VALUES (2, 3); 
INSERT INTO ROLE_FIELDS (ROLE_ID, FIELD_ID) VALUES (2, 4); 
INSERT INTO ROLE_FIELDS (ROLE_ID, FIELD_ID) VALUES (2, 5); 
INSERT INTO ROLE_FIELDS (ROLE_ID, FIELD_ID) VALUES (2, 6); 
INSERT INTO ROLE_FIELDS (ROLE_ID, FIELD_ID) VALUES (2, 7); 

INSERT INTO USER_INPUTS (RECORD_ID, USER_NAME, FIELD_ID, FIELD_VALUE) VALUES (1, 'userA', 1, 'Jane');   
INSERT INTO USER_INPUTS (RECORD_ID, USER_NAME, FIELD_ID, FIELD_VALUE) VALUES (1, 'userA', 2, 'Doe');    
INSERT INTO USER_INPUTS (RECORD_ID, USER_NAME, FIELD_ID, FIELD_VALUE) VALUES (1, 'userA', 3, 'Female'); 
INSERT INTO USER_INPUTS (RECORD_ID, USER_NAME, FIELD_ID, FIELD_VALUE) VALUES (1, 'userA', 4, 'Teacher'); 
INSERT INTO USER_INPUTS (RECORD_ID, USER_NAME, FIELD_ID, FIELD_VALUE) VALUES (2, 'userA', 1, 'John');    
INSERT INTO USER_INPUTS (RECORD_ID, USER_NAME, FIELD_ID, FIELD_VALUE) VALUES (2, 'userA', 2, 'Smith');   
INSERT INTO USER_INPUTS (RECORD_ID, USER_NAME, FIELD_ID, FIELD_VALUE) VALUES (2, 'userA', 3, 'Male');    
INSERT INTO USER_INPUTS (RECORD_ID, USER_NAME, FIELD_ID, FIELD_VALUE) VALUES (2, 'userA', 4, 'Engineer'); 

INSERT INTO USER_INPUTS (RECORD_ID, USER_NAME, FIELD_ID, FIELD_VALUE) VALUES (1, 'userB', 1, 'Alice');   
INSERT INTO USER_INPUTS (RECORD_ID, USER_NAME, FIELD_ID, FIELD_VALUE) VALUES (1, 'userB', 2, 'Johnson'); 
INSERT INTO USER_INPUTS (RECORD_ID, USER_NAME, FIELD_ID, FIELD_VALUE) VALUES (1, 'userB', 3, 'Female');   
INSERT INTO USER_INPUTS (RECORD_ID, USER_NAME, FIELD_ID, FIELD_VALUE) VALUES (1, 'userB', 4, 'Doctor');   
INSERT INTO USER_INPUTS (RECORD_ID, USER_NAME, FIELD_ID, FIELD_VALUE) VALUES (1, 'userB', 5, '8487567600'); 
INSERT INTO USER_INPUTS (RECORD_ID, USER_NAME, FIELD_ID, FIELD_VALUE) VALUES (1, 'userB', 6, 'USA');        
INSERT INTO USER_INPUTS (RECORD_ID, USER_NAME, FIELD_ID, FIELD_VALUE) VALUES (1, 'userB', 7, '123 Main St');
INSERT INTO USER_INPUTS (RECORD_ID, USER_NAME, FIELD_ID, FIELD_VALUE) VALUES (2, 'userB', 1, 'Bob');     
INSERT INTO USER_INPUTS (RECORD_ID, USER_NAME, FIELD_ID, FIELD_VALUE) VALUES (2, 'userB', 2, 'Brown');   
INSERT INTO USER_INPUTS (RECORD_ID, USER_NAME, FIELD_ID, FIELD_VALUE) VALUES (2, 'userB', 3, 'Male');     
INSERT INTO USER_INPUTS (RECORD_ID, USER_NAME, FIELD_ID, FIELD_VALUE) VALUES (2, 'userB', 4, 'Manager');   
INSERT INTO USER_INPUTS (RECORD_ID, USER_NAME, FIELD_ID, FIELD_VALUE) VALUES (2, 'userB', 5, '1234567890'); 
INSERT INTO USER_INPUTS (RECORD_ID, USER_NAME, FIELD_ID, FIELD_VALUE) VALUES (2, 'userB', 6, 'Canada');     
INSERT INTO USER_INPUTS (RECORD_ID, USER_NAME, FIELD_ID, FIELD_VALUE) VALUES (2, 'userB', 7, '456 Second St'); 



